{
  "project_info": {
    "project_number": "521791841787",
    "project_id": "logindemo-64446",
    "storage_bucket": "logindemo-64446.appspot.com"
  },
  "client": [
    {
      "client_info": {
        "mobilesdk_app_id": "1:521791841787:android:0a06be830a3f339afc975e",
        "android_client_info": {
          "package_name": "com.example.mainactivity"
        }
      },
      "oauth_client": [
        {
          "client_id": "521791841787-1ko690409p4oq0nssegf74a6nh3chd9q.apps.googleusercontent.com",
          "client_type": 3
        }
      ],
      "api_key": [
        {
          "current_key": "AIzaSyA_C9Sck1DxABTcN9ZkHIzcBjWD9A4zui8"
        }
      ],
      "services": {
        "appinvite_service": {
          "other_platform_oauth_client": [
            {
              "client_id": "521791841787-1ko690409p4oq0nssegf74a6nh3chd9q.apps.googleusercontent.com",
              "client_type": 3
            }
          ]
        }
      }
    }
  ],
  "configuration_version": "1"
}